<?xml version="1.0" encoding="ISO-8859-1" ?>
<link_info>
   <banner>TI ARM Clang Linker PC v4.0.0.LTS</banner>
   <copyright>Copyright (c) 1996-2018 Texas Instruments Incorporated</copyright>
   <command_line>E:\SoftWare\ti\ccstheia151\ccs\tools\compiler\ti-cgt-armllvm_4.0.0.LTS\bin\tiarmlnk -IE:\SoftWare\ti\ccstheia151\ccs\tools\compiler\ti-cgt-armllvm_4.0.0.LTS\lib -o 16CServo-iic.out -m16CServo-iic.map -iE:/SoftWare/ti/mspm0_sdk_2_02_00_05/source -iC:/Users/leo/workspace_ccstheia/16CServo-iic/Debug/syscfg -iE:/SoftWare/ti/ccstheia151/ccs/tools/compiler/ti-cgt-armllvm_4.0.0.LTS/lib --diag_wrap=off --display_error_number --warn_sections --xml_link_info=16CServo-iic_linkInfo.xml --rom_model ./empty.o ./syscfg/ti_msp_dl_config.o ./startup_mspm0g350x_ticlang.o ./BSP/bsp_i2c_gpio.o ./BSP/delay.o -lsyscfg/device_linker.cmd -ldevice.cmd.genlibs -llibc.a --start-group -llibc++.a -llibc++abi.a -llibc.a -llibsys.a -llibsysbm.a -llibclang_rt.builtins.a -llibclang_rt.profile.a --end-group --cg_opt_level=2</command_line>
   <link_time>0x6764206c</link_time>
   <link_errors>0x0</link_errors>
   <output_file>C:\Users\leo\workspace_ccstheia\16CServo-iic\Debug\16CServo-iic.out</output_file>
   <entry_point>
      <name>_c_int00_noargs</name>
      <address>0x3f9</address>
   </entry_point>
   <input_file_list>
      <input_file id="fl-1">
         <path>C:\Users\leo\workspace_ccstheia\16CServo-iic\Debug\.\</path>
         <kind>object</kind>
         <file>empty.o</file>
         <name>empty.o</name>
      </input_file>
      <input_file id="fl-2">
         <path>C:\Users\leo\workspace_ccstheia\16CServo-iic\Debug\.\syscfg\</path>
         <kind>object</kind>
         <file>ti_msp_dl_config.o</file>
         <name>ti_msp_dl_config.o</name>
      </input_file>
      <input_file id="fl-3">
         <path>C:\Users\leo\workspace_ccstheia\16CServo-iic\Debug\.\</path>
         <kind>object</kind>
         <file>startup_mspm0g350x_ticlang.o</file>
         <name>startup_mspm0g350x_ticlang.o</name>
      </input_file>
      <input_file id="fl-4">
         <path>C:\Users\leo\workspace_ccstheia\16CServo-iic\Debug\.\BSP\</path>
         <kind>object</kind>
         <file>bsp_i2c_gpio.o</file>
         <name>bsp_i2c_gpio.o</name>
      </input_file>
      <input_file id="fl-5">
         <path>C:\Users\leo\workspace_ccstheia\16CServo-iic\Debug\.\BSP\</path>
         <kind>object</kind>
         <file>delay.o</file>
         <name>delay.o</name>
      </input_file>
      <input_file id="fl-12">
         <path>C:\Users\leo\workspace_ccstheia\16CServo-iic\Debug\</path>
         <kind>object</kind>
         <file>&lt;internal&gt;</file>
         <name>&lt;internal&gt;</name>
      </input_file>
      <input_file id="fl-13">
         <path>E:\SoftWare\ti\mspm0_sdk_2_02_00_05\source\ti\driverlib\lib\ticlang\m0p\mspm0g1x0x_g3x0x\</path>
         <kind>archive</kind>
         <file>driverlib.a</file>
         <name>dl_common.o</name>
      </input_file>
      <input_file id="fl-28">
         <path>E:\SoftWare\ti\ccstheia151\ccs\tools\compiler\ti-cgt-armllvm_4.0.0.LTS\lib\armv6m-ti-none-eabi\c\</path>
         <kind>archive</kind>
         <file>libc.a</file>
         <name>boot_cortex_m.c.obj</name>
      </input_file>
      <input_file id="fl-29">
         <path>E:\SoftWare\ti\ccstheia151\ccs\tools\compiler\ti-cgt-armllvm_4.0.0.LTS\lib\armv6m-ti-none-eabi\c\</path>
         <kind>archive</kind>
         <file>libc.a</file>
         <name>mathacl_init.c.obj</name>
      </input_file>
      <input_file id="fl-2a">
         <path>E:\SoftWare\ti\ccstheia151\ccs\tools\compiler\ti-cgt-armllvm_4.0.0.LTS\lib\armv6m-ti-none-eabi\c\</path>
         <kind>archive</kind>
         <file>libc.a</file>
         <name>autoinit.c.obj</name>
      </input_file>
      <input_file id="fl-2b">
         <path>E:\SoftWare\ti\ccstheia151\ccs\tools\compiler\ti-cgt-armllvm_4.0.0.LTS\lib\armv6m-ti-none-eabi\c\</path>
         <kind>archive</kind>
         <file>libc.a</file>
         <name>pre_init.c.obj</name>
      </input_file>
      <input_file id="fl-2c">
         <path>E:\SoftWare\ti\ccstheia151\ccs\tools\compiler\ti-cgt-armllvm_4.0.0.LTS\lib\armv6m-ti-none-eabi\c\</path>
         <kind>archive</kind>
         <file>libc.a</file>
         <name>cpy_tbl.c.obj</name>
      </input_file>
      <input_file id="fl-2d">
         <path>E:\SoftWare\ti\ccstheia151\ccs\tools\compiler\ti-cgt-armllvm_4.0.0.LTS\lib\armv6m-ti-none-eabi\c\</path>
         <kind>archive</kind>
         <file>libc.a</file>
         <name>copy_zero_init.c.obj</name>
      </input_file>
      <input_file id="fl-2e">
         <path>E:\SoftWare\ti\ccstheia151\ccs\tools\compiler\ti-cgt-armllvm_4.0.0.LTS\lib\armv6m-ti-none-eabi\c\</path>
         <kind>archive</kind>
         <file>libc.a</file>
         <name>copy_decompress_none.c.obj</name>
      </input_file>
      <input_file id="fl-2f">
         <path>E:\SoftWare\ti\ccstheia151\ccs\tools\compiler\ti-cgt-armllvm_4.0.0.LTS\lib\armv6m-ti-none-eabi\c\</path>
         <kind>archive</kind>
         <file>libc.a</file>
         <name>copy_decompress_lzss.c.obj</name>
      </input_file>
      <input_file id="fl-30">
         <path>E:\SoftWare\ti\ccstheia151\ccs\tools\compiler\ti-cgt-armllvm_4.0.0.LTS\lib\armv6m-ti-none-eabi\c\</path>
         <kind>archive</kind>
         <file>libc.a</file>
         <name>exit.c.obj</name>
      </input_file>
      <input_file id="fl-31">
         <path>E:\SoftWare\ti\ccstheia151\ccs\tools\compiler\ti-cgt-armllvm_4.0.0.LTS\lib\armv6m-ti-none-eabi\c\</path>
         <kind>archive</kind>
         <file>libc.a</file>
         <name>_lock.c.obj</name>
      </input_file>
      <input_file id="fl-32">
         <path>E:\SoftWare\ti\ccstheia151\ccs\tools\compiler\ti-cgt-armllvm_4.0.0.LTS\lib\armv6m-ti-none-eabi\c\</path>
         <kind>archive</kind>
         <file>libc.a</file>
         <name>args_main.c.obj</name>
      </input_file>
      <input_file id="fl-c8">
         <path>E:\SoftWare\ti\ccstheia151\ccs\tools\compiler\ti-cgt-armllvm_4.0.0.LTS\lib\armv6m-ti-none-eabi\</path>
         <kind>archive</kind>
         <file>libclang_rt.builtins.a</file>
         <name>aeabi_memcpy.S.obj</name>
      </input_file>
      <input_file id="fl-c9">
         <path>E:\SoftWare\ti\ccstheia151\ccs\tools\compiler\ti-cgt-armllvm_4.0.0.LTS\lib\armv6m-ti-none-eabi\</path>
         <kind>archive</kind>
         <file>libclang_rt.builtins.a</file>
         <name>aeabi_memset.S.obj</name>
      </input_file>
      <input_file id="fl-ca">
         <path>E:\SoftWare\ti\ccstheia151\ccs\tools\compiler\ti-cgt-armllvm_4.0.0.LTS\lib\armv6m-ti-none-eabi\c\</path>
         <kind>archive</kind>
         <file>libc.a</file>
         <name>memcpy16.S.obj</name>
      </input_file>
      <input_file id="fl-cb">
         <path>E:\SoftWare\ti\ccstheia151\ccs\tools\compiler\ti-cgt-armllvm_4.0.0.LTS\lib\armv6m-ti-none-eabi\c\</path>
         <kind>archive</kind>
         <file>libc.a</file>
         <name>memset16.S.obj</name>
      </input_file>
   </input_file_list>
   <object_component_list>
      <object_component id="oc-18">
         <name>.intvecs</name>
         <load_address>0x0</load_address>
         <readonly>true</readonly>
         <run_address>0x0</run_address>
         <size>0xc0</size>
         <alignment>0x4</alignment>
         <input_file_ref idref="fl-3"/>
      </object_component>
      <object_component id="oc-b6">
         <name>.text.I2C_SendByte</name>
         <load_address>0xc0</load_address>
         <readonly>true</readonly>
         <executable>true</executable>
         <run_address>0xc0</run_address>
         <size>0x140</size>
         <alignment>0x4</alignment>
         <input_file_ref idref="fl-4"/>
      </object_component>
      <object_component id="oc-80">
         <name>.text.IIC_Servo</name>
         <load_address>0x200</load_address>
         <readonly>true</readonly>
         <executable>true</executable>
         <run_address>0x200</run_address>
         <size>0x80</size>
         <alignment>0x4</alignment>
         <input_file_ref idref="fl-4"/>
      </object_component>
      <object_component id="oc-63">
         <name>.text.main</name>
         <load_address>0x280</load_address>
         <readonly>true</readonly>
         <executable>true</executable>
         <run_address>0x280</run_address>
         <size>0x54</size>
         <alignment>0x2</alignment>
         <input_file_ref idref="fl-1"/>
      </object_component>
      <object_component id="oc-ab">
         <name>.text.SYSCFG_DL_SYSCTL_init</name>
         <load_address>0x2d4</load_address>
         <readonly>true</readonly>
         <executable>true</executable>
         <run_address>0x2d4</run_address>
         <size>0x40</size>
         <alignment>0x4</alignment>
         <input_file_ref idref="fl-2"/>
      </object_component>
      <object_component id="oc-b7">
         <name>.text.delay_ms</name>
         <load_address>0x314</load_address>
         <readonly>true</readonly>
         <executable>true</executable>
         <run_address>0x314</run_address>
         <size>0x40</size>
         <alignment>0x4</alignment>
         <input_file_ref idref="fl-5"/>
      </object_component>
      <object_component id="oc-b0">
         <name>.text.delay_us</name>
         <load_address>0x354</load_address>
         <readonly>true</readonly>
         <executable>true</executable>
         <run_address>0x354</run_address>
         <size>0x3c</size>
         <alignment>0x4</alignment>
         <input_file_ref idref="fl-5"/>
      </object_component>
      <object_component id="oc-90">
         <name>.text:__TI_auto_init_nobinit_nopinit</name>
         <load_address>0x390</load_address>
         <readonly>true</readonly>
         <executable>true</executable>
         <run_address>0x390</run_address>
         <size>0x3c</size>
         <alignment>0x4</alignment>
         <input_file_ref idref="fl-2a"/>
      </object_component>
      <object_component id="oc-a9">
         <name>.text.SYSCFG_DL_initPower</name>
         <load_address>0x3cc</load_address>
         <readonly>true</readonly>
         <executable>true</executable>
         <run_address>0x3cc</run_address>
         <size>0x2c</size>
         <alignment>0x4</alignment>
         <input_file_ref idref="fl-2"/>
      </object_component>
      <object_component id="oc-4f">
         <name>.text:_c_int00_noargs</name>
         <load_address>0x3f8</load_address>
         <readonly>true</readonly>
         <executable>true</executable>
         <run_address>0x3f8</run_address>
         <size>0x28</size>
         <alignment>0x4</alignment>
         <input_file_ref idref="fl-28"/>
      </object_component>
      <object_component id="oc-aa">
         <name>.text.SYSCFG_DL_GPIO_init</name>
         <load_address>0x420</load_address>
         <readonly>true</readonly>
         <executable>true</executable>
         <run_address>0x420</run_address>
         <size>0x1c</size>
         <alignment>0x4</alignment>
         <input_file_ref idref="fl-2"/>
      </object_component>
      <object_component id="oc-ad">
         <name>.text.SYSCFG_DL_SYSTICK_init</name>
         <load_address>0x43c</load_address>
         <readonly>true</readonly>
         <executable>true</executable>
         <run_address>0x43c</run_address>
         <size>0x1c</size>
         <alignment>0x4</alignment>
         <input_file_ref idref="fl-2"/>
      </object_component>
      <object_component id="oc-46">
         <name>.text:decompress:ZI:__TI_zero_init_nomemset</name>
         <load_address>0x458</load_address>
         <readonly>true</readonly>
         <executable>true</executable>
         <run_address>0x458</run_address>
         <size>0x16</size>
         <alignment>0x2</alignment>
         <input_file_ref idref="fl-2d"/>
      </object_component>
      <object_component id="oc-7b">
         <name>.text.SYSCFG_DL_init</name>
         <load_address>0x46e</load_address>
         <readonly>true</readonly>
         <executable>true</executable>
         <run_address>0x46e</run_address>
         <size>0x14</size>
         <alignment>0x2</alignment>
         <input_file_ref idref="fl-2"/>
      </object_component>
      <object_component id="oc-c8">
         <name>.text.DL_Common_delayCycles</name>
         <load_address>0x482</load_address>
         <readonly>true</readonly>
         <executable>true</executable>
         <run_address>0x482</run_address>
         <size>0xa</size>
         <alignment>0x2</alignment>
         <input_file_ref idref="fl-13"/>
      </object_component>
      <object_component id="oc-2f">
         <name>.text.Reset_Handler</name>
         <load_address>0x48c</load_address>
         <readonly>true</readonly>
         <executable>true</executable>
         <run_address>0x48c</run_address>
         <size>0x4</size>
         <alignment>0x2</alignment>
         <input_file_ref idref="fl-3"/>
      </object_component>
      <object_component id="oc-5f">
         <name>.text._system_pre_init</name>
         <load_address>0x490</load_address>
         <readonly>true</readonly>
         <executable>true</executable>
         <run_address>0x490</run_address>
         <size>0x4</size>
         <alignment>0x2</alignment>
         <input_file_ref idref="fl-2b"/>
      </object_component>
      <object_component id="oc-89">
         <name>.text:abort</name>
         <load_address>0x494</load_address>
         <readonly>true</readonly>
         <executable>true</executable>
         <run_address>0x494</run_address>
         <size>0x4</size>
         <alignment>0x2</alignment>
         <input_file_ref idref="fl-30"/>
      </object_component>
      <object_component id="oc-33">
         <name>.text.Default_Handler</name>
         <load_address>0x498</load_address>
         <readonly>true</readonly>
         <executable>true</executable>
         <run_address>0x498</run_address>
         <size>0x2</size>
         <alignment>0x2</alignment>
         <input_file_ref idref="fl-3"/>
      </object_component>
      <object_component id="oc-11b">
         <name>.cinit..bss.load</name>
         <load_address>0x4a0</load_address>
         <readonly>true</readonly>
         <run_address>0x4a0</run_address>
         <size>0x8</size>
         <alignment>0x4</alignment>
      </object_component>
      <object_component id="oc-119">
         <name>__TI_handler_table</name>
         <load_address>0x4a8</load_address>
         <readonly>true</readonly>
         <run_address>0x4a8</run_address>
         <size>0x4</size>
         <alignment>0x4</alignment>
      </object_component>
      <object_component id="oc-11a">
         <name>__TI_cinit_table</name>
         <load_address>0x4ac</load_address>
         <readonly>true</readonly>
         <run_address>0x4ac</run_address>
         <size>0x8</size>
         <alignment>0x4</alignment>
      </object_component>
      <object_component id="oc-e3">
         <name>.binit</name>
         <load_address>0x0</load_address>
         <readonly>true</readonly>
         <run_address>0x0</run_address>
         <size>0x0</size>
         <alignment>0x4</alignment>
      </object_component>
      <object_component id="oc-b8">
         <name>.common:ack</name>
         <uninitialized>true</uninitialized>
         <readwrite>true</readwrite>
         <run_address>0x20200000</run_address>
         <size>0x1</size>
         <alignment>0x1</alignment>
      </object_component>
      <object_component id="oc-1a">
         <name>.stack</name>
         <uninitialized>true</uninitialized>
         <readwrite>true</readwrite>
         <run_address>0x20207e00</run_address>
         <size>0x4</size>
         <alignment>0x4</alignment>
         <input_file_ref idref="fl-28"/>
      </object_component>
      <object_component id="oc-11d">
         <name>.stack</name>
         <uninitialized>true</uninitialized>
         <readwrite>true</readwrite>
         <run_address>0x20207e00</run_address>
         <size>0x0</size>
         <alignment>0x8</alignment>
      </object_component>
      <object_component id="oc-88">
         <name>.debug_loc</name>
         <load_address>0x0</load_address>
         <run_address>0x0</run_address>
         <size>0x56</size>
         <alignment>0x1</alignment>
         <input_file_ref idref="fl-1"/>
      </object_component>
      <object_component id="oc-ac">
         <name>.debug_loc</name>
         <load_address>0x56</load_address>
         <run_address>0x56</run_address>
         <size>0x5c</size>
         <alignment>0x1</alignment>
         <input_file_ref idref="fl-2"/>
      </object_component>
      <object_component id="oc-83">
         <name>.debug_loc</name>
         <load_address>0xb2</load_address>
         <run_address>0xb2</run_address>
         <size>0x69d</size>
         <alignment>0x1</alignment>
         <input_file_ref idref="fl-4"/>
      </object_component>
      <object_component id="oc-b1">
         <name>.debug_loc</name>
         <load_address>0x74f</load_address>
         <run_address>0x74f</run_address>
         <size>0x1da</size>
         <alignment>0x1</alignment>
         <input_file_ref idref="fl-5"/>
      </object_component>
      <object_component id="oc-d9">
         <name>.debug_loc</name>
         <load_address>0x929</load_address>
         <run_address>0x929</run_address>
         <size>0x13</size>
         <alignment>0x1</alignment>
         <input_file_ref idref="fl-13"/>
      </object_component>
      <object_component id="oc-3a">
         <name>.debug_loc</name>
         <load_address>0x93c</load_address>
         <run_address>0x93c</run_address>
         <size>0xd8</size>
         <alignment>0x1</alignment>
         <input_file_ref idref="fl-28"/>
      </object_component>
      <object_component id="oc-91">
         <name>.debug_loc</name>
         <load_address>0xa14</load_address>
         <run_address>0xa14</run_address>
         <size>0x424</size>
         <alignment>0x1</alignment>
         <input_file_ref idref="fl-2a"/>
      </object_component>
      <object_component id="oc-49">
         <name>.debug_loc</name>
         <load_address>0xe38</load_address>
         <run_address>0xe38</run_address>
         <size>0x16c</size>
         <alignment>0x1</alignment>
         <input_file_ref idref="fl-2d"/>
      </object_component>
      <object_component id="oc-8f">
         <name>.debug_loc</name>
         <load_address>0xfa4</load_address>
         <run_address>0xfa4</run_address>
         <size>0x26</size>
         <alignment>0x1</alignment>
         <input_file_ref idref="fl-30"/>
      </object_component>
      <object_component id="oc-86">
         <name>.debug_abbrev</name>
         <load_address>0x0</load_address>
         <run_address>0x0</run_address>
         <size>0x56</size>
         <alignment>0x1</alignment>
         <input_file_ref idref="fl-1"/>
      </object_component>
      <object_component id="oc-ae">
         <name>.debug_abbrev</name>
         <load_address>0x56</load_address>
         <run_address>0x56</run_address>
         <size>0x1d0</size>
         <alignment>0x1</alignment>
         <input_file_ref idref="fl-2"/>
      </object_component>
      <object_component id="oc-34">
         <name>.debug_abbrev</name>
         <load_address>0x226</load_address>
         <run_address>0x226</run_address>
         <size>0x6d</size>
         <alignment>0x1</alignment>
         <input_file_ref idref="fl-3"/>
      </object_component>
      <object_component id="oc-b9">
         <name>.debug_abbrev</name>
         <load_address>0x293</load_address>
         <run_address>0x293</run_address>
         <size>0x1b5</size>
         <alignment>0x1</alignment>
         <input_file_ref idref="fl-4"/>
      </object_component>
      <object_component id="oc-cc">
         <name>.debug_abbrev</name>
         <load_address>0x448</load_address>
         <run_address>0x448</run_address>
         <size>0x105</size>
         <alignment>0x1</alignment>
         <input_file_ref idref="fl-5"/>
      </object_component>
      <object_component id="oc-d7">
         <name>.debug_abbrev</name>
         <load_address>0x54d</load_address>
         <run_address>0x54d</run_address>
         <size>0x62</size>
         <alignment>0x1</alignment>
         <input_file_ref idref="fl-13"/>
      </object_component>
      <object_component id="oc-36">
         <name>.debug_abbrev</name>
         <load_address>0x5af</load_address>
         <run_address>0x5af</run_address>
         <size>0xaf</size>
         <alignment>0x1</alignment>
         <input_file_ref idref="fl-28"/>
      </object_component>
      <object_component id="oc-c1">
         <name>.debug_abbrev</name>
         <load_address>0x65e</load_address>
         <run_address>0x65e</run_address>
         <size>0x170</size>
         <alignment>0x1</alignment>
         <input_file_ref idref="fl-2a"/>
      </object_component>
      <object_component id="oc-79">
         <name>.debug_abbrev</name>
         <load_address>0x7ce</load_address>
         <run_address>0x7ce</run_address>
         <size>0x39</size>
         <alignment>0x1</alignment>
         <input_file_ref idref="fl-2b"/>
      </object_component>
      <object_component id="oc-58">
         <name>.debug_abbrev</name>
         <load_address>0x807</load_address>
         <run_address>0x807</run_address>
         <size>0xc2</size>
         <alignment>0x1</alignment>
         <input_file_ref idref="fl-2d"/>
      </object_component>
      <object_component id="oc-bb">
         <name>.debug_abbrev</name>
         <load_address>0x8c9</load_address>
         <run_address>0x8c9</run_address>
         <size>0xb3</size>
         <alignment>0x1</alignment>
         <input_file_ref idref="fl-30"/>
      </object_component>
      <object_component id="oc-11f">
         <name>.debug_abbrev</name>
         <load_address>0x97c</load_address>
         <run_address>0x97c</run_address>
         <size>0xf</size>
         <alignment>0x0</alignment>
      </object_component>
      <object_component id="oc-64">
         <name>.debug_info</name>
         <load_address>0x0</load_address>
         <run_address>0x0</run_address>
         <size>0x9c</size>
         <alignment>0x1</alignment>
         <input_file_ref idref="fl-1"/>
      </object_component>
      <object_component id="oc-7d">
         <name>.debug_info</name>
         <load_address>0x9c</load_address>
         <run_address>0x9c</run_address>
         <size>0x216d</size>
         <alignment>0x1</alignment>
         <input_file_ref idref="fl-2"/>
      </object_component>
      <object_component id="oc-19">
         <name>.debug_info</name>
         <load_address>0x2209</load_address>
         <run_address>0x2209</run_address>
         <size>0x80</size>
         <alignment>0x1</alignment>
         <input_file_ref idref="fl-3"/>
      </object_component>
      <object_component id="oc-85">
         <name>.debug_info</name>
         <load_address>0x2289</load_address>
         <run_address>0x2289</run_address>
         <size>0x124e</size>
         <alignment>0x1</alignment>
         <input_file_ref idref="fl-4"/>
      </object_component>
      <object_component id="oc-b3">
         <name>.debug_info</name>
         <load_address>0x34d7</load_address>
         <run_address>0x34d7</run_address>
         <size>0x195</size>
         <alignment>0x1</alignment>
         <input_file_ref idref="fl-5"/>
      </object_component>
      <object_component id="oc-ca">
         <name>.debug_info</name>
         <load_address>0x366c</load_address>
         <run_address>0x366c</run_address>
         <size>0x75</size>
         <alignment>0x1</alignment>
         <input_file_ref idref="fl-13"/>
      </object_component>
      <object_component id="oc-1b">
         <name>.debug_info</name>
         <load_address>0x36e1</load_address>
         <run_address>0x36e1</run_address>
         <size>0x423</size>
         <alignment>0x1</alignment>
         <input_file_ref idref="fl-28"/>
      </object_component>
      <object_component id="oc-95">
         <name>.debug_info</name>
         <load_address>0x3b04</load_address>
         <run_address>0x3b04</run_address>
         <size>0x744</size>
         <alignment>0x1</alignment>
         <input_file_ref idref="fl-2a"/>
      </object_component>
      <object_component id="oc-61">
         <name>.debug_info</name>
         <load_address>0x4248</load_address>
         <run_address>0x4248</run_address>
         <size>0x46</size>
         <alignment>0x1</alignment>
         <input_file_ref idref="fl-2b"/>
      </object_component>
      <object_component id="oc-47">
         <name>.debug_info</name>
         <load_address>0x428e</load_address>
         <run_address>0x428e</run_address>
         <size>0x192</size>
         <alignment>0x1</alignment>
         <input_file_ref idref="fl-2d"/>
      </object_component>
      <object_component id="oc-8a">
         <name>.debug_info</name>
         <load_address>0x4420</load_address>
         <run_address>0x4420</run_address>
         <size>0xed</size>
         <alignment>0x1</alignment>
         <input_file_ref idref="fl-30"/>
      </object_component>
      <object_component id="oc-11e">
         <name>.debug_info</name>
         <load_address>0x450d</load_address>
         <run_address>0x450d</run_address>
         <size>0xa6</size>
         <alignment>0x0</alignment>
      </object_component>
      <object_component id="oc-87">
         <name>.debug_str</name>
         <load_address>0x0</load_address>
         <run_address>0x0</run_address>
         <size>0xda</size>
         <alignment>0x1</alignment>
         <input_file_ref idref="fl-1"/>
      </object_component>
      <object_component id="oc-af">
         <name>.debug_str</name>
         <load_address>0xda</load_address>
         <run_address>0xda</run_address>
         <size>0x14b0</size>
         <alignment>0x1</alignment>
         <input_file_ref idref="fl-2"/>
      </object_component>
      <object_component id="oc-35">
         <name>.debug_str</name>
         <load_address>0x158a</load_address>
         <run_address>0x158a</run_address>
         <size>0x166</size>
         <alignment>0x1</alignment>
         <input_file_ref idref="fl-3"/>
      </object_component>
      <object_component id="oc-ba">
         <name>.debug_str</name>
         <load_address>0x16f0</load_address>
         <run_address>0x16f0</run_address>
         <size>0x511</size>
         <alignment>0x1</alignment>
         <input_file_ref idref="fl-4"/>
      </object_component>
      <object_component id="oc-cd">
         <name>.debug_str</name>
         <load_address>0x1c01</load_address>
         <run_address>0x1c01</run_address>
         <size>0x145</size>
         <alignment>0x1</alignment>
         <input_file_ref idref="fl-5"/>
      </object_component>
      <object_component id="oc-d8">
         <name>.debug_str</name>
         <load_address>0x1d46</load_address>
         <run_address>0x1d46</run_address>
         <size>0x177</size>
         <alignment>0x1</alignment>
         <input_file_ref idref="fl-13"/>
      </object_component>
      <object_component id="oc-37">
         <name>.debug_str</name>
         <load_address>0x1ebd</load_address>
         <run_address>0x1ebd</run_address>
         <size>0x225</size>
         <alignment>0x1</alignment>
         <input_file_ref idref="fl-28"/>
      </object_component>
      <object_component id="oc-c2">
         <name>.debug_str</name>
         <load_address>0x20e2</load_address>
         <run_address>0x20e2</run_address>
         <size>0x32f</size>
         <alignment>0x1</alignment>
         <input_file_ref idref="fl-2a"/>
      </object_component>
      <object_component id="oc-7a">
         <name>.debug_str</name>
         <load_address>0x2411</load_address>
         <run_address>0x2411</run_address>
         <size>0xf5</size>
         <alignment>0x1</alignment>
         <input_file_ref idref="fl-2b"/>
      </object_component>
      <object_component id="oc-59">
         <name>.debug_str</name>
         <load_address>0x2506</load_address>
         <run_address>0x2506</run_address>
         <size>0x19b</size>
         <alignment>0x1</alignment>
         <input_file_ref idref="fl-2d"/>
      </object_component>
      <object_component id="oc-bc">
         <name>.debug_str</name>
         <load_address>0x26a1</load_address>
         <run_address>0x26a1</run_address>
         <size>0x13f</size>
         <alignment>0x1</alignment>
         <input_file_ref idref="fl-30"/>
      </object_component>
      <object_component id="oc-66">
         <name>.debug_frame</name>
         <load_address>0x0</load_address>
         <run_address>0x0</run_address>
         <size>0x20</size>
         <alignment>0x4</alignment>
         <input_file_ref idref="fl-1"/>
      </object_component>
      <object_component id="oc-7f">
         <name>.debug_frame</name>
         <load_address>0x20</load_address>
         <run_address>0x20</run_address>
         <size>0x70</size>
         <alignment>0x4</alignment>
         <input_file_ref idref="fl-2"/>
      </object_component>
      <object_component id="oc-31">
         <name>.debug_frame</name>
         <load_address>0x90</load_address>
         <run_address>0x90</run_address>
         <size>0x30</size>
         <alignment>0x4</alignment>
         <input_file_ref idref="fl-3"/>
      </object_component>
      <object_component id="oc-81">
         <name>.debug_frame</name>
         <load_address>0xc0</load_address>
         <run_address>0xc0</run_address>
         <size>0xe4</size>
         <alignment>0x4</alignment>
         <input_file_ref idref="fl-4"/>
      </object_component>
      <object_component id="oc-b4">
         <name>.debug_frame</name>
         <load_address>0x1a4</load_address>
         <run_address>0x1a4</run_address>
         <size>0x48</size>
         <alignment>0x4</alignment>
         <input_file_ref idref="fl-5"/>
      </object_component>
      <object_component id="oc-cb">
         <name>.debug_frame</name>
         <load_address>0x1ec</load_address>
         <run_address>0x1ec</run_address>
         <size>0x20</size>
         <alignment>0x4</alignment>
         <input_file_ref idref="fl-13"/>
      </object_component>
      <object_component id="oc-4e">
         <name>.debug_frame</name>
         <load_address>0x20c</load_address>
         <run_address>0x20c</run_address>
         <size>0x90</size>
         <alignment>0x4</alignment>
         <input_file_ref idref="fl-28"/>
      </object_component>
      <object_component id="oc-94">
         <name>.debug_frame</name>
         <load_address>0x29c</load_address>
         <run_address>0x29c</run_address>
         <size>0x100</size>
         <alignment>0x4</alignment>
         <input_file_ref idref="fl-2a"/>
      </object_component>
      <object_component id="oc-62">
         <name>.debug_frame</name>
         <load_address>0x39c</load_address>
         <run_address>0x39c</run_address>
         <size>0x20</size>
         <alignment>0x4</alignment>
         <input_file_ref idref="fl-2b"/>
      </object_component>
      <object_component id="oc-4b">
         <name>.debug_frame</name>
         <load_address>0x3bc</load_address>
         <run_address>0x3bc</run_address>
         <size>0x38</size>
         <alignment>0x4</alignment>
         <input_file_ref idref="fl-2d"/>
      </object_component>
      <object_component id="oc-8d">
         <name>.debug_frame</name>
         <load_address>0x3f4</load_address>
         <run_address>0x3f4</run_address>
         <size>0x30</size>
         <alignment>0x4</alignment>
         <input_file_ref idref="fl-30"/>
      </object_component>
      <object_component id="oc-65">
         <name>.debug_line</name>
         <load_address>0x0</load_address>
         <run_address>0x0</run_address>
         <size>0x73</size>
         <alignment>0x1</alignment>
         <input_file_ref idref="fl-1"/>
      </object_component>
      <object_component id="oc-7c">
         <name>.debug_line</name>
         <load_address>0x73</load_address>
         <run_address>0x73</run_address>
         <size>0x4a6</size>
         <alignment>0x1</alignment>
         <input_file_ref idref="fl-2"/>
      </object_component>
      <object_component id="oc-32">
         <name>.debug_line</name>
         <load_address>0x519</load_address>
         <run_address>0x519</run_address>
         <size>0xc1</size>
         <alignment>0x1</alignment>
         <input_file_ref idref="fl-3"/>
      </object_component>
      <object_component id="oc-82">
         <name>.debug_line</name>
         <load_address>0x5da</load_address>
         <run_address>0x5da</run_address>
         <size>0x749</size>
         <alignment>0x1</alignment>
         <input_file_ref idref="fl-4"/>
      </object_component>
      <object_component id="oc-b2">
         <name>.debug_line</name>
         <load_address>0xd23</load_address>
         <run_address>0xd23</run_address>
         <size>0x212</size>
         <alignment>0x1</alignment>
         <input_file_ref idref="fl-5"/>
      </object_component>
      <object_component id="oc-c9">
         <name>.debug_line</name>
         <load_address>0xf35</load_address>
         <run_address>0xf35</run_address>
         <size>0xe4</size>
         <alignment>0x1</alignment>
         <input_file_ref idref="fl-13"/>
      </object_component>
      <object_component id="oc-38">
         <name>.debug_line</name>
         <load_address>0x1019</load_address>
         <run_address>0x1019</run_address>
         <size>0x1dc</size>
         <alignment>0x1</alignment>
         <input_file_ref idref="fl-28"/>
      </object_component>
      <object_component id="oc-92">
         <name>.debug_line</name>
         <load_address>0x11f5</load_address>
         <run_address>0x11f5</run_address>
         <size>0x51a</size>
         <alignment>0x1</alignment>
         <input_file_ref idref="fl-2a"/>
      </object_component>
      <object_component id="oc-60">
         <name>.debug_line</name>
         <load_address>0x170f</load_address>
         <run_address>0x170f</run_address>
         <size>0x3e</size>
         <alignment>0x1</alignment>
         <input_file_ref idref="fl-2b"/>
      </object_component>
      <object_component id="oc-48">
         <name>.debug_line</name>
         <load_address>0x174d</load_address>
         <run_address>0x174d</run_address>
         <size>0xfe</size>
         <alignment>0x1</alignment>
         <input_file_ref idref="fl-2d"/>
      </object_component>
      <object_component id="oc-8c">
         <name>.debug_line</name>
         <load_address>0x184b</load_address>
         <run_address>0x184b</run_address>
         <size>0x69</size>
         <alignment>0x1</alignment>
         <input_file_ref idref="fl-30"/>
      </object_component>
      <object_component id="oc-7e">
         <name>.debug_ranges</name>
         <load_address>0x0</load_address>
         <run_address>0x0</run_address>
         <size>0x30</size>
         <alignment>0x1</alignment>
         <input_file_ref idref="fl-2"/>
      </object_component>
      <object_component id="oc-30">
         <name>.debug_ranges</name>
         <load_address>0x30</load_address>
         <run_address>0x30</run_address>
         <size>0x18</size>
         <alignment>0x1</alignment>
         <input_file_ref idref="fl-3"/>
      </object_component>
      <object_component id="oc-84">
         <name>.debug_ranges</name>
         <load_address>0x48</load_address>
         <run_address>0x48</run_address>
         <size>0x358</size>
         <alignment>0x1</alignment>
         <input_file_ref idref="fl-4"/>
      </object_component>
      <object_component id="oc-b5">
         <name>.debug_ranges</name>
         <load_address>0x3a0</load_address>
         <run_address>0x3a0</run_address>
         <size>0x18</size>
         <alignment>0x1</alignment>
         <input_file_ref idref="fl-5"/>
      </object_component>
      <object_component id="oc-39">
         <name>.debug_ranges</name>
         <load_address>0x3b8</load_address>
         <run_address>0x3b8</run_address>
         <size>0x48</size>
         <alignment>0x1</alignment>
         <input_file_ref idref="fl-28"/>
      </object_component>
      <object_component id="oc-93">
         <name>.debug_ranges</name>
         <load_address>0x400</load_address>
         <run_address>0x400</run_address>
         <size>0x48</size>
         <alignment>0x1</alignment>
         <input_file_ref idref="fl-2a"/>
      </object_component>
      <object_component id="oc-4a">
         <name>.debug_ranges</name>
         <load_address>0x448</load_address>
         <run_address>0x448</run_address>
         <size>0x18</size>
         <alignment>0x1</alignment>
         <input_file_ref idref="fl-2d"/>
      </object_component>
      <object_component id="oc-8b">
         <name>.debug_ranges</name>
         <load_address>0x460</load_address>
         <run_address>0x460</run_address>
         <size>0x18</size>
         <alignment>0x1</alignment>
         <input_file_ref idref="fl-30"/>
      </object_component>
   </object_component_list>
   <logical_group_list>
      <logical_group id="lg-2" display="no" color="cyan">
         <name>.intvecs</name>
         <load_address>0x0</load_address>
         <run_address>0x0</run_address>
         <size>0xc0</size>
         <contents>
            <object_component_ref idref="oc-18"/>
         </contents>
      </logical_group>
      <logical_group id="lg-3" display="no" color="cyan">
         <name>.text</name>
         <load_address>0xc0</load_address>
         <run_address>0xc0</run_address>
         <size>0x3e0</size>
         <contents>
            <object_component_ref idref="oc-b6"/>
            <object_component_ref idref="oc-80"/>
            <object_component_ref idref="oc-63"/>
            <object_component_ref idref="oc-ab"/>
            <object_component_ref idref="oc-b7"/>
            <object_component_ref idref="oc-b0"/>
            <object_component_ref idref="oc-90"/>
            <object_component_ref idref="oc-a9"/>
            <object_component_ref idref="oc-4f"/>
            <object_component_ref idref="oc-aa"/>
            <object_component_ref idref="oc-ad"/>
            <object_component_ref idref="oc-46"/>
            <object_component_ref idref="oc-7b"/>
            <object_component_ref idref="oc-c8"/>
            <object_component_ref idref="oc-2f"/>
            <object_component_ref idref="oc-5f"/>
            <object_component_ref idref="oc-89"/>
            <object_component_ref idref="oc-33"/>
         </contents>
      </logical_group>
      <logical_group id="lg-4" display="no" color="cyan">
         <name>.const</name>
         <run_address>0x0</run_address>
         <size>0x0</size>
         <contents>
         </contents>
      </logical_group>
      <logical_group id="lg-5" display="no" color="cyan">
         <name>.cinit</name>
         <load_address>0x4a0</load_address>
         <run_address>0x4a0</run_address>
         <size>0x18</size>
         <contents>
            <object_component_ref idref="oc-11b"/>
            <object_component_ref idref="oc-119"/>
            <object_component_ref idref="oc-11a"/>
         </contents>
      </logical_group>
      <logical_group id="lg-6" display="no" color="cyan">
         <name>.pinit</name>
         <run_address>0x0</run_address>
         <size>0x0</size>
         <contents>
         </contents>
      </logical_group>
      <logical_group id="lg-7" display="no" color="cyan">
         <name>.rodata</name>
         <run_address>0x0</run_address>
         <size>0x0</size>
         <contents>
         </contents>
      </logical_group>
      <logical_group id="lg-8" display="no" color="cyan">
         <name>.ARM.exidx</name>
         <run_address>0x0</run_address>
         <size>0x0</size>
         <contents>
         </contents>
      </logical_group>
      <logical_group id="lg-9" display="no" color="cyan">
         <name>.init_array</name>
         <run_address>0x0</run_address>
         <size>0x0</size>
         <contents>
         </contents>
      </logical_group>
      <logical_group id="lg-a" display="no" color="cyan">
         <name>.binit</name>
         <load_address>0x0</load_address>
         <run_address>0x0</run_address>
         <size>0x0</size>
         <contents>
            <object_component_ref idref="oc-e3"/>
         </contents>
      </logical_group>
      <logical_group id="lg-b" display="no" color="cyan">
         <name>.TI.ramfunc</name>
         <run_address>0x0</run_address>
         <size>0x0</size>
         <contents>
         </contents>
      </logical_group>
      <logical_group id="lg-c" display="no" color="cyan">
         <name>.vtable</name>
         <run_address>0x0</run_address>
         <size>0x0</size>
         <contents>
         </contents>
      </logical_group>
      <logical_group id="lg-d" display="no" color="cyan">
         <name>.args</name>
         <run_address>0x0</run_address>
         <size>0x0</size>
         <contents>
         </contents>
      </logical_group>
      <logical_group id="lg-e" display="no" color="cyan">
         <name>.data</name>
         <run_address>0x0</run_address>
         <size>0x0</size>
         <contents>
         </contents>
      </logical_group>
      <logical_group id="lg-f" display="no" color="cyan">
         <name>.bss</name>
         <run_address>0x20200000</run_address>
         <size>0x1</size>
         <contents>
            <object_component_ref idref="oc-b8"/>
         </contents>
      </logical_group>
      <logical_group id="lg-10" display="no" color="cyan">
         <name>.sysmem</name>
         <run_address>0x0</run_address>
         <size>0x0</size>
         <contents>
         </contents>
      </logical_group>
      <logical_group id="lg-11" display="no" color="cyan">
         <name>.stack</name>
         <run_address>0x20207e00</run_address>
         <size>0x200</size>
         <contents>
            <object_component_ref idref="oc-1a"/>
            <object_component_ref idref="oc-11d"/>
         </contents>
      </logical_group>
      <logical_group id="lg-12" display="no" color="cyan">
         <name>.BCRConfig</name>
         <run_address>0x0</run_address>
         <size>0x0</size>
         <contents>
         </contents>
      </logical_group>
      <logical_group id="lg-13" display="no" color="cyan">
         <name>.BSLConfig</name>
         <run_address>0x0</run_address>
         <size>0x0</size>
         <contents>
         </contents>
      </logical_group>
      <logical_group id="lg-da" display="no" color="cyan">
         <name>.TI.noinit</name>
         <run_address>0x0</run_address>
         <size>0x0</size>
         <contents>
         </contents>
      </logical_group>
      <logical_group id="lg-db" display="no" color="cyan">
         <name>.TI.persistent</name>
         <run_address>0x0</run_address>
         <size>0x0</size>
         <contents>
         </contents>
      </logical_group>
      <logical_group id="lg-dc" display="no" color="cyan">
         <name>.TI.local</name>
         <run_address>0x0</run_address>
         <size>0x0</size>
         <contents>
         </contents>
      </logical_group>
      <logical_group id="lg-dd" display="no" color="cyan">
         <name>.TI.onchip</name>
         <run_address>0x0</run_address>
         <size>0x0</size>
         <contents>
         </contents>
      </logical_group>
      <logical_group id="lg-de" display="no" color="cyan">
         <name>.TI.offchip</name>
         <run_address>0x0</run_address>
         <size>0x0</size>
         <contents>
         </contents>
      </logical_group>
      <logical_group id="lg-df" display="no" color="cyan">
         <name>__llvm_prf_cnts</name>
         <run_address>0x20200000</run_address>
         <size>0x0</size>
         <contents>
         </contents>
      </logical_group>
      <logical_group id="lg-e1" display="no" color="cyan">
         <name>__llvm_prf_bits</name>
         <run_address>0x20200000</run_address>
         <size>0x0</size>
         <contents>
         </contents>
      </logical_group>
      <logical_group id="lg-fd" display="never" color="cyan">
         <name>.debug_loc</name>
         <load_address>0x0</load_address>
         <run_address>0x0</run_address>
         <size>0xfca</size>
         <contents>
            <object_component_ref idref="oc-88"/>
            <object_component_ref idref="oc-ac"/>
            <object_component_ref idref="oc-83"/>
            <object_component_ref idref="oc-b1"/>
            <object_component_ref idref="oc-d9"/>
            <object_component_ref idref="oc-3a"/>
            <object_component_ref idref="oc-91"/>
            <object_component_ref idref="oc-49"/>
            <object_component_ref idref="oc-8f"/>
         </contents>
      </logical_group>
      <logical_group id="lg-ff" display="never" color="cyan">
         <name>.debug_abbrev</name>
         <load_address>0x0</load_address>
         <run_address>0x0</run_address>
         <size>0x98b</size>
         <contents>
            <object_component_ref idref="oc-86"/>
            <object_component_ref idref="oc-ae"/>
            <object_component_ref idref="oc-34"/>
            <object_component_ref idref="oc-b9"/>
            <object_component_ref idref="oc-cc"/>
            <object_component_ref idref="oc-d7"/>
            <object_component_ref idref="oc-36"/>
            <object_component_ref idref="oc-c1"/>
            <object_component_ref idref="oc-79"/>
            <object_component_ref idref="oc-58"/>
            <object_component_ref idref="oc-bb"/>
            <object_component_ref idref="oc-11f"/>
         </contents>
      </logical_group>
      <logical_group id="lg-101" display="never" color="cyan">
         <name>.debug_info</name>
         <load_address>0x0</load_address>
         <run_address>0x0</run_address>
         <size>0x45b3</size>
         <contents>
            <object_component_ref idref="oc-64"/>
            <object_component_ref idref="oc-7d"/>
            <object_component_ref idref="oc-19"/>
            <object_component_ref idref="oc-85"/>
            <object_component_ref idref="oc-b3"/>
            <object_component_ref idref="oc-ca"/>
            <object_component_ref idref="oc-1b"/>
            <object_component_ref idref="oc-95"/>
            <object_component_ref idref="oc-61"/>
            <object_component_ref idref="oc-47"/>
            <object_component_ref idref="oc-8a"/>
            <object_component_ref idref="oc-11e"/>
         </contents>
      </logical_group>
      <logical_group id="lg-103" display="never" color="cyan">
         <name>.debug_str</name>
         <load_address>0x0</load_address>
         <run_address>0x0</run_address>
         <size>0x27e0</size>
         <contents>
            <object_component_ref idref="oc-87"/>
            <object_component_ref idref="oc-af"/>
            <object_component_ref idref="oc-35"/>
            <object_component_ref idref="oc-ba"/>
            <object_component_ref idref="oc-cd"/>
            <object_component_ref idref="oc-d8"/>
            <object_component_ref idref="oc-37"/>
            <object_component_ref idref="oc-c2"/>
            <object_component_ref idref="oc-7a"/>
            <object_component_ref idref="oc-59"/>
            <object_component_ref idref="oc-bc"/>
         </contents>
      </logical_group>
      <logical_group id="lg-105" display="never" color="cyan">
         <name>.debug_frame</name>
         <load_address>0x0</load_address>
         <run_address>0x0</run_address>
         <size>0x424</size>
         <contents>
            <object_component_ref idref="oc-66"/>
            <object_component_ref idref="oc-7f"/>
            <object_component_ref idref="oc-31"/>
            <object_component_ref idref="oc-81"/>
            <object_component_ref idref="oc-b4"/>
            <object_component_ref idref="oc-cb"/>
            <object_component_ref idref="oc-4e"/>
            <object_component_ref idref="oc-94"/>
            <object_component_ref idref="oc-62"/>
            <object_component_ref idref="oc-4b"/>
            <object_component_ref idref="oc-8d"/>
         </contents>
      </logical_group>
      <logical_group id="lg-107" display="never" color="cyan">
         <name>.debug_line</name>
         <load_address>0x0</load_address>
         <run_address>0x0</run_address>
         <size>0x18b4</size>
         <contents>
            <object_component_ref idref="oc-65"/>
            <object_component_ref idref="oc-7c"/>
            <object_component_ref idref="oc-32"/>
            <object_component_ref idref="oc-82"/>
            <object_component_ref idref="oc-b2"/>
            <object_component_ref idref="oc-c9"/>
            <object_component_ref idref="oc-38"/>
            <object_component_ref idref="oc-92"/>
            <object_component_ref idref="oc-60"/>
            <object_component_ref idref="oc-48"/>
            <object_component_ref idref="oc-8c"/>
         </contents>
      </logical_group>
      <logical_group id="lg-109" display="never" color="cyan">
         <name>.debug_ranges</name>
         <load_address>0x0</load_address>
         <run_address>0x0</run_address>
         <size>0x478</size>
         <contents>
            <object_component_ref idref="oc-7e"/>
            <object_component_ref idref="oc-30"/>
            <object_component_ref idref="oc-84"/>
            <object_component_ref idref="oc-b5"/>
            <object_component_ref idref="oc-39"/>
            <object_component_ref idref="oc-93"/>
            <object_component_ref idref="oc-4a"/>
            <object_component_ref idref="oc-8b"/>
         </contents>
      </logical_group>
      <logical_group id="lg-11c" display="no" color="cyan">
         <name>Veneer$$CMSE</name>
         <run_address>0x0</run_address>
         <size>0x0</size>
         <contents>
         </contents>
      </logical_group>
      <load_segment id="lg-122" display="no" color="cyan">
         <name>SEGMENT_0</name>
         <load_address>0x0</load_address>
         <run_address>0x0</run_address>
         <size>0x4b8</size>
         <flags>0x5</flags>
         <contents>
            <logical_group_ref idref="lg-2"/>
            <logical_group_ref idref="lg-3"/>
            <logical_group_ref idref="lg-5"/>
         </contents>
      </load_segment>
      <load_segment id="lg-123" display="no" color="cyan">
         <name>SEGMENT_1</name>
         <run_address>0x20200000</run_address>
         <size>0x1</size>
         <flags>0x6</flags>
         <contents>
            <logical_group_ref idref="lg-f"/>
         </contents>
      </load_segment>
      <load_segment id="lg-124" display="no" color="cyan">
         <name>SEGMENT_2</name>
         <run_address>0x20207e00</run_address>
         <size>0x200</size>
         <flags>0x6</flags>
         <contents>
            <logical_group_ref idref="lg-11"/>
         </contents>
      </load_segment>
   </logical_group_list>
   <placement_map>
      <memory_area display="yes" color="green">
         <name>FLASH</name>
         <page_id>0x0</page_id>
         <origin>0x0</origin>
         <length>0x20000</length>
         <used_space>0x4b8</used_space>
         <unused_space>0x1fb48</unused_space>
         <attributes>RX</attributes>
         <usage_details>
            <allocated_space>
               <start_address>0x0</start_address>
               <size>0x0</size>
               <logical_group_ref idref="lg-a"/>
            </allocated_space>
            <allocated_space>
               <start_address>0x0</start_address>
               <size>0xc0</size>
               <logical_group_ref idref="lg-2"/>
            </allocated_space>
            <allocated_space>
               <start_address>0xc0</start_address>
               <size>0x3e0</size>
               <logical_group_ref idref="lg-3"/>
            </allocated_space>
            <allocated_space>
               <start_address>0x4a0</start_address>
               <size>0x18</size>
               <logical_group_ref idref="lg-5"/>
            </allocated_space>
            <available_space>
               <start_address>0x4b8</start_address>
               <size>0x1fb48</size>
            </available_space>
         </usage_details>
      </memory_area>
      <memory_area display="yes" color="green">
         <name>SRAM</name>
         <page_id>0x0</page_id>
         <origin>0x20200000</origin>
         <length>0x8000</length>
         <used_space>0x201</used_space>
         <unused_space>0x7dff</unused_space>
         <attributes>RWX</attributes>
         <usage_details>
            <allocated_space>
               <start_address>0x20200000</start_address>
               <size>0x0</size>
               <logical_group_ref idref="lg-df"/>
            </allocated_space>
            <allocated_space>
               <start_address>0x20200000</start_address>
               <size>0x0</size>
               <logical_group_ref idref="lg-e1"/>
            </allocated_space>
            <allocated_space>
               <start_address>0x20200000</start_address>
               <size>0x1</size>
               <logical_group_ref idref="lg-f"/>
            </allocated_space>
            <available_space>
               <start_address>0x20200001</start_address>
               <size>0x7dff</size>
            </available_space>
            <allocated_space>
               <start_address>0x20207e00</start_address>
               <size>0x200</size>
               <logical_group_ref idref="lg-11"/>
            </allocated_space>
         </usage_details>
      </memory_area>
      <memory_area display="yes" color="green">
         <name>BCR_CONFIG</name>
         <page_id>0x0</page_id>
         <origin>0x41c00000</origin>
         <length>0x80</length>
         <used_space>0x0</used_space>
         <unused_space>0x80</unused_space>
         <attributes>R</attributes>
         <usage_details>
         </usage_details>
      </memory_area>
      <memory_area display="yes" color="green">
         <name>BSL_CONFIG</name>
         <page_id>0x0</page_id>
         <origin>0x41c00100</origin>
         <length>0x80</length>
         <used_space>0x0</used_space>
         <unused_space>0x80</unused_space>
         <attributes>R</attributes>
         <usage_details>
         </usage_details>
      </memory_area>
   </placement_map>
   <cptbl_list>
      <cptbl>
         <name>__TI_cinit_table</name>
         <cprec>
            <name>.bss</name>
            <load_address>0x4a0</load_address>
            <load_size>0x8</load_size>
            <run_address>0x20200000</run_address>
            <run_size>0x1</run_size>
            <compression>zero_init</compression>
         </cprec>
      </cptbl>
   </cptbl_list>
   <handler_table>
      <handler_table_name>__TI_handler_table</handler_table_name>
      <handler>
         <index>0x0</index>
         <name>__TI_zero_init</name>
      </handler>
   </handler_table>
   <symbol_table>
      <symbol id="sm-1">
         <name>__start___llvm_prf_cnts</name>
         <value>0x20200000</value>
      </symbol>
      <symbol id="sm-2">
         <name>__stop___llvm_prf_cnts</name>
         <value>0x20200000</value>
      </symbol>
      <symbol id="sm-3">
         <name>__start___llvm_prf_bits</name>
         <value>0x20200000</value>
      </symbol>
      <symbol id="sm-4">
         <name>__stop___llvm_prf_bits</name>
         <value>0x20200000</value>
      </symbol>
      <symbol id="sm-5">
         <name>__TI_CINIT_Base</name>
         <value>0x4ac</value>
      </symbol>
      <symbol id="sm-6">
         <name>__TI_CINIT_Limit</name>
         <value>0x4b4</value>
      </symbol>
      <symbol id="sm-7">
         <name>__TI_CINIT_Warm</name>
         <value>0x4b4</value>
      </symbol>
      <symbol id="sm-8">
         <name>__TI_Handler_Table_Base</name>
         <value>0x4a8</value>
      </symbol>
      <symbol id="sm-9">
         <name>__TI_Handler_Table_Limit</name>
         <value>0x4ac</value>
      </symbol>
      <symbol id="sm-a">
         <name>binit</name>
         <value>0xffffffff</value>
      </symbol>
      <symbol id="sm-b">
         <name>__binit__</name>
         <value>0xffffffff</value>
      </symbol>
      <symbol id="sm-c">
         <name>__STACK_SIZE</name>
         <value>0x200</value>
      </symbol>
      <symbol id="sm-d">
         <name>__STACK_END</name>
         <value>0x20208000</value>
      </symbol>
      <symbol id="sm-e">
         <name>__TI_pprof_out_hndl</name>
         <value>0xffffffff</value>
      </symbol>
      <symbol id="sm-f">
         <name>__TI_prof_data_start</name>
         <value>0xffffffff</value>
      </symbol>
      <symbol id="sm-10">
         <name>__TI_prof_data_size</name>
         <value>0xffffffff</value>
      </symbol>
      <symbol id="sm-3a">
         <name>main</name>
         <value>0x281</value>
         <object_component_ref idref="oc-63"/>
      </symbol>
      <symbol id="sm-50">
         <name>SYSCFG_DL_init</name>
         <value>0x46f</value>
         <object_component_ref idref="oc-7b"/>
      </symbol>
      <symbol id="sm-51">
         <name>SYSCFG_DL_initPower</name>
         <value>0x3cd</value>
         <object_component_ref idref="oc-a9"/>
      </symbol>
      <symbol id="sm-52">
         <name>SYSCFG_DL_GPIO_init</name>
         <value>0x421</value>
         <object_component_ref idref="oc-aa"/>
      </symbol>
      <symbol id="sm-53">
         <name>SYSCFG_DL_SYSCTL_init</name>
         <value>0x2d5</value>
         <object_component_ref idref="oc-ab"/>
      </symbol>
      <symbol id="sm-54">
         <name>SYSCFG_DL_SYSTICK_init</name>
         <value>0x43d</value>
         <object_component_ref idref="oc-ad"/>
      </symbol>
      <symbol id="sm-5f">
         <name>Default_Handler</name>
         <value>0x499</value>
         <object_component_ref idref="oc-33"/>
      </symbol>
      <symbol id="sm-60">
         <name>Reset_Handler</name>
         <value>0x48d</value>
         <object_component_ref idref="oc-2f"/>
      </symbol>
      <symbol id="sm-61">
         <name>interruptVectors</name>
         <value>0x0</value>
         <object_component_ref idref="oc-18"/>
      </symbol>
      <symbol id="sm-62">
         <name>NMI_Handler</name>
         <value>0x499</value>
         <object_component_ref idref="oc-33"/>
      </symbol>
      <symbol id="sm-63">
         <name>HardFault_Handler</name>
         <value>0x499</value>
         <object_component_ref idref="oc-33"/>
      </symbol>
      <symbol id="sm-64">
         <name>SVC_Handler</name>
         <value>0x499</value>
         <object_component_ref idref="oc-33"/>
      </symbol>
      <symbol id="sm-65">
         <name>PendSV_Handler</name>
         <value>0x499</value>
         <object_component_ref idref="oc-33"/>
      </symbol>
      <symbol id="sm-66">
         <name>SysTick_Handler</name>
         <value>0x499</value>
         <object_component_ref idref="oc-33"/>
      </symbol>
      <symbol id="sm-67">
         <name>GROUP0_IRQHandler</name>
         <value>0x499</value>
         <object_component_ref idref="oc-33"/>
      </symbol>
      <symbol id="sm-68">
         <name>GROUP1_IRQHandler</name>
         <value>0x499</value>
         <object_component_ref idref="oc-33"/>
      </symbol>
      <symbol id="sm-69">
         <name>TIMG8_IRQHandler</name>
         <value>0x499</value>
         <object_component_ref idref="oc-33"/>
      </symbol>
      <symbol id="sm-6a">
         <name>UART3_IRQHandler</name>
         <value>0x499</value>
         <object_component_ref idref="oc-33"/>
      </symbol>
      <symbol id="sm-6b">
         <name>ADC0_IRQHandler</name>
         <value>0x499</value>
         <object_component_ref idref="oc-33"/>
      </symbol>
      <symbol id="sm-6c">
         <name>ADC1_IRQHandler</name>
         <value>0x499</value>
         <object_component_ref idref="oc-33"/>
      </symbol>
      <symbol id="sm-6d">
         <name>CANFD0_IRQHandler</name>
         <value>0x499</value>
         <object_component_ref idref="oc-33"/>
      </symbol>
      <symbol id="sm-6e">
         <name>DAC0_IRQHandler</name>
         <value>0x499</value>
         <object_component_ref idref="oc-33"/>
      </symbol>
      <symbol id="sm-6f">
         <name>SPI0_IRQHandler</name>
         <value>0x499</value>
         <object_component_ref idref="oc-33"/>
      </symbol>
      <symbol id="sm-70">
         <name>SPI1_IRQHandler</name>
         <value>0x499</value>
         <object_component_ref idref="oc-33"/>
      </symbol>
      <symbol id="sm-71">
         <name>UART1_IRQHandler</name>
         <value>0x499</value>
         <object_component_ref idref="oc-33"/>
      </symbol>
      <symbol id="sm-72">
         <name>UART2_IRQHandler</name>
         <value>0x499</value>
         <object_component_ref idref="oc-33"/>
      </symbol>
      <symbol id="sm-73">
         <name>UART0_IRQHandler</name>
         <value>0x499</value>
         <object_component_ref idref="oc-33"/>
      </symbol>
      <symbol id="sm-74">
         <name>TIMG0_IRQHandler</name>
         <value>0x499</value>
         <object_component_ref idref="oc-33"/>
      </symbol>
      <symbol id="sm-75">
         <name>TIMG6_IRQHandler</name>
         <value>0x499</value>
         <object_component_ref idref="oc-33"/>
      </symbol>
      <symbol id="sm-76">
         <name>TIMA0_IRQHandler</name>
         <value>0x499</value>
         <object_component_ref idref="oc-33"/>
      </symbol>
      <symbol id="sm-77">
         <name>TIMA1_IRQHandler</name>
         <value>0x499</value>
         <object_component_ref idref="oc-33"/>
      </symbol>
      <symbol id="sm-78">
         <name>TIMG7_IRQHandler</name>
         <value>0x499</value>
         <object_component_ref idref="oc-33"/>
      </symbol>
      <symbol id="sm-79">
         <name>TIMG12_IRQHandler</name>
         <value>0x499</value>
         <object_component_ref idref="oc-33"/>
      </symbol>
      <symbol id="sm-7a">
         <name>I2C0_IRQHandler</name>
         <value>0x499</value>
         <object_component_ref idref="oc-33"/>
      </symbol>
      <symbol id="sm-7b">
         <name>I2C1_IRQHandler</name>
         <value>0x499</value>
         <object_component_ref idref="oc-33"/>
      </symbol>
      <symbol id="sm-7c">
         <name>AES_IRQHandler</name>
         <value>0x499</value>
         <object_component_ref idref="oc-33"/>
      </symbol>
      <symbol id="sm-7d">
         <name>RTC_IRQHandler</name>
         <value>0x499</value>
         <object_component_ref idref="oc-33"/>
      </symbol>
      <symbol id="sm-7e">
         <name>DMA_IRQHandler</name>
         <value>0x499</value>
         <object_component_ref idref="oc-33"/>
      </symbol>
      <symbol id="sm-8c">
         <name>I2C_SendByte</name>
         <value>0xc1</value>
         <object_component_ref idref="oc-b6"/>
      </symbol>
      <symbol id="sm-8d">
         <name>ack</name>
         <value>0x20200000</value>
      </symbol>
      <symbol id="sm-8e">
         <name>IIC_Servo</name>
         <value>0x201</value>
         <object_component_ref idref="oc-80"/>
      </symbol>
      <symbol id="sm-9c">
         <name>delay_us</name>
         <value>0x355</value>
         <object_component_ref idref="oc-b0"/>
      </symbol>
      <symbol id="sm-9d">
         <name>delay_ms</name>
         <value>0x315</value>
         <object_component_ref idref="oc-b7"/>
      </symbol>
      <symbol id="sm-9e">
         <name>__TI_ATRegion0_src_addr</name>
         <value>0x0</value>
      </symbol>
      <symbol id="sm-9f">
         <name>__TI_ATRegion0_trg_addr</name>
         <value>0x0</value>
      </symbol>
      <symbol id="sm-a0">
         <name>__TI_ATRegion0_region_sz</name>
         <value>0x0</value>
      </symbol>
      <symbol id="sm-a1">
         <name>__TI_ATRegion1_src_addr</name>
         <value>0x0</value>
      </symbol>
      <symbol id="sm-a2">
         <name>__TI_ATRegion1_trg_addr</name>
         <value>0x0</value>
      </symbol>
      <symbol id="sm-a3">
         <name>__TI_ATRegion1_region_sz</name>
         <value>0x0</value>
      </symbol>
      <symbol id="sm-a4">
         <name>__TI_ATRegion2_src_addr</name>
         <value>0x0</value>
      </symbol>
      <symbol id="sm-a5">
         <name>__TI_ATRegion2_trg_addr</name>
         <value>0x0</value>
      </symbol>
      <symbol id="sm-a6">
         <name>__TI_ATRegion2_region_sz</name>
         <value>0x0</value>
      </symbol>
      <symbol id="sm-af">
         <name>DL_Common_delayCycles</name>
         <value>0x483</value>
         <object_component_ref idref="oc-c8"/>
      </symbol>
      <symbol id="sm-ba">
         <name>_c_int00_noargs</name>
         <value>0x3f9</value>
         <object_component_ref idref="oc-4f"/>
      </symbol>
      <symbol id="sm-bb">
         <name>__stack</name>
         <value>0x20207e00</value>
         <object_component_ref idref="oc-1a"/>
      </symbol>
      <symbol id="sm-c7">
         <name>__TI_auto_init_nobinit_nopinit</name>
         <value>0x391</value>
         <object_component_ref idref="oc-90"/>
      </symbol>
      <symbol id="sm-cf">
         <name>_system_pre_init</name>
         <value>0x491</value>
         <object_component_ref idref="oc-5f"/>
      </symbol>
      <symbol id="sm-da">
         <name>__TI_zero_init_nomemset</name>
         <value>0x459</value>
         <object_component_ref idref="oc-46"/>
      </symbol>
      <symbol id="sm-e6">
         <name>abort</name>
         <value>0x495</value>
         <object_component_ref idref="oc-89"/>
      </symbol>
      <symbol id="sm-e7">
         <name>C$$EXIT</name>
         <value>0x494</value>
         <object_component_ref idref="oc-89"/>
      </symbol>
      <symbol id="sm-ea">
         <name>__TI_static_base__</name>
         <value>0x0</value>
      </symbol>
      <symbol id="sm-ec">
         <name>__mpu_init</name>
         <value>0x0</value>
      </symbol>
      <symbol id="sm-ed">
         <name>_system_post_cinit</name>
         <value>0x0</value>
      </symbol>
   </symbol_table>
   <title>Link successful</title>
</link_info>
